Maryjane Calderon,IBM1,100,askdas
Dwayne Walker,IBM1,100,asdasd
Shayna Holt,IBM1,100,lkjasdas
Kallie Cain,IBM1,100,sskasdjfsda
Allen Larson,IBM1,100,wojsadhs
Amare Small,IBM1,100,rdasda
Jeremiah Griffin,IBM1,100,asdf
Denzel Levy,IBM1,100,fdsa
Noelle Thompson,IBM1,100,qwer
Elvis Walsh,IBM1,100,yuiop
Nicholas Collins,IBM2,200,zxcvb
Eden Gibson,IBM2,200,cvbnm
Kaylen Villanueva,IBM2,200,dasf
Yosef Davies,IBM2,200,asdfsdf
Leilani Branch,IBM2,200,fkdsas
Quinn Frazier,IBM2,200,liukh
Marc Ware,IBM2,200,iuouio
Mariela Vega,IBM2,200,hbhjhb
Alexander Young,IBM2,200,khkbyk
Mylee Herrera,IBM2,200,bkhkjbl
Ulises Brennan,IBM3,300,kjbhkjh
Kenna Dennis,IBM3,300,ytdydvh
Isabella Bailey,IBM3,300,tr67r6ytf
Wesley Mack,IBM3,300,65i6r76tu
Melissa Stanley,IBM3,300,ybt78tui
Seamus Velasquez,IBM3,300,ibtbun
Justus Curry,IBM3,300,iy8o9o
Theresa Nixon,IBM3,300,ul8byp8
Thalia Trevino,IBM3,300,bib87i
Adrien Hale,IBM3,300,ibob78
Oswaldo Copeland,IBM4,400,ibkbyu
Marley Gomez,IBM4,400,hui899
Leila Goodman,IBM4,400,ukjgh8
Rayan Mathews,IBM4,400,uiyoiu
June Hayden,IBM4,400,iiyb898
Dario Obrien,IBM4,400,c56yc5
Yair Mcintosh,IBM4,400,vr65u7v
Tyshawn Ramirez,IBM4,400,xe5wx3
Lucian Duke,IBM4,400,2qtrx3r
Zara Valencia,IBM4,400,o0ihm
Zion Reed,IBM5,500,u98n8
Cale Williamson,IBM5,500,itbtytybo87
Blaze Cross,IBM5,500,iunui7
Cristian Castillo,IBM5,500,6og7oi
Summer Parker,IBM5,500,5v7rbuy
Harmony Duffy,IBM5,500,ion7ip
Tessa Hansen,IBM5,500,otol7uil
Jamari Stephenson,IBM5,500,kuklul
Jacob Forbes,IBM5,500,iytio8o
Ian Hancock,IBM5,500,ln7tl8om